schedule	n_vars	cycles	policy	runs	avg_quality_cost	avg_iv	avg_full_audits	avg_revocations	avg_unique_fails	avg_regime_fail	avg_no_sentinel	avg_skip_pct	avg_elapsed	invariants_ok	delta_quality_cost_vs_sensitivity	delta_iv_vs_sensitivity	delta_audits_vs_sensitivity	delta_revocations_vs_sensitivity	delta_unique_fails_vs_sensitivity	pareto_status	shadow_predicted_policy	shadow_actual_best_policy	shadow_policy_correct	shadow_false_switch_to_history_rescue_under_regime_switch	shadow_missed_history_rescue_under_false_trass	shadow_history_history_wins_missed
false_trass	50	5000	history/history	3	64484.0	41347.333333333336	23.0	0.0	0.0	0.0	0.0	99.99012029267482	8.600370334997328	True	-43258.66666666667	-43061.99999999999	-0.33333333333333215	0.0	0.0	efficient	history_rescue/history_rescue	history_rescue/history_rescue	True	False	False	False
false_trass	50	5000	history_rescue/history_rescue	3	55062.333333333336	26277.333333333332	24.666666666666668	0.6666666666666666	0.3333333333333333	0.0	0.0	99.98937068446737	8.899961333998363	True	-52680.333333333336	-58132.0	1.3333333333333357	0.6666666666666666	0.3333333333333333	efficient	history_rescue/history_rescue	history_rescue/history_rescue	True	False	False	False
false_trass	50	5000	sensitivity/none	3	107742.66666666667	84409.33333333333	23.333333333333332	0.0	0.0	0.0	0.0	99.99034994601861	9.137132013335455	True	0.0	0.0	0.0	0.0	0.0	dominated	sensitivity/none	history_rescue/history_rescue	False	False	True	False
false_trass	50	7500	history/history	3	119783.0	96646.33333333333	23.0	0.0	0.0	0.0	0.0	99.99350492991061	13.822864033000466	True	-76696.66666666666	-76500.00000000001	-0.33333333333333215	0.0	0.0	efficient	history_rescue/history_rescue	history_rescue/history_rescue	True	False	False	False
false_trass	50	7500	history_rescue/history_rescue	3	72881.33333333333	44096.333333333336	24.666666666666668	0.6666666666666666	0.3333333333333333	0.0	0.0	99.99302119323494	9.230301954667084	True	-123598.33333333333	-129050.0	1.3333333333333357	0.6666666666666666	0.3333333333333333	efficient	history_rescue/history_rescue	history_rescue/history_rescue	True	False	False	False
false_trass	50	7500	sensitivity/none	3	196479.66666666666	173146.33333333334	23.333333333333332	0.0	0.0	0.0	0.0	99.99357777044078	13.609587323332866	True	0.0	0.0	0.0	0.0	0.0	dominated	sensitivity/none	history_rescue/history_rescue	False	False	True	False
false_trass	50	10000	history/history	3	202586.33333333334	176444.66666666666	24.666666666666668	0.0	0.6666666666666666	0.0	0.0	99.99480594024556	18.60220101266653	True	-111420.99999999997	-114229.33333333334	1.3333333333333357	0.0	0.6666666666666666	efficient	history_rescue/history_rescue	history_rescue/history_rescue	True	False	False	False
false_trass	50	10000	history_rescue/history_rescue	3	90721.0	61936.0	24.666666666666668	0.6666666666666666	0.3333333333333333	0.0	0.0	99.99479034056758	10.263919342663334	True	-223286.3333333333	-228738.0	1.3333333333333357	0.6666666666666666	0.3333333333333333	efficient	history_rescue/history_rescue	history_rescue/history_rescue	True	False	False	False
false_trass	50	10000	sensitivity/none	3	314007.3333333333	290674.0	23.333333333333332	0.0	0.0	0.0	0.0	99.99518747911975	18.55205702033466	True	0.0	0.0	0.0	0.0	0.0	efficient	sensitivity/none	history_rescue/history_rescue	False	False	True	False
false_trass	75	5000	history/history	3	105259.33333333333	55801.0	39.333333333333336	1.3333333333333333	1.6666666666666667	0.0	0.0	99.98912698649883	14.300920443667565	True	-26207.000000000015	-25332.0	-1.6666666666666643	0.0	0.3333333333333335	efficient	history_rescue/history_rescue	history/history	False	False	False	True
false_trass	75	5000	history_rescue/history_rescue	3	109272.66666666667	42864.333333333336	48.333333333333336	2.0	4.0	0.0	0.0	99.98666534829344	9.113565902334813	True	-22193.66666666667	-38268.666666666664	7.333333333333336	0.6666666666666667	2.666666666666667	efficient	history_rescue/history_rescue	history/history	False	False	False	True
false_trass	75	5000	sensitivity/none	3	131466.33333333334	81133.0	41.0	1.3333333333333333	1.3333333333333333	0.0	0.0	99.98872121463354	9.118570445001145	True	0.0	0.0	0.0	0.0	0.0	efficient	sensitivity/none	history/history	False	False	False	True
false_trass	75	7500	history/history	3	153045.0	102246.66666666667	40.0	1.3333333333333333	2.0	0.0	0.0	99.9926268043181	19.63972145899849	True	-21028.333333333343	-21493.33333333333	-1.0	0.0	0.6666666666666667	efficient	history_rescue/history_rescue	history_rescue/history_rescue	True	False	False	False
false_trass	75	7500	history_rescue/history_rescue	3	140181.66666666666	65775.0	51.666666666666664	2.6666666666666665	4.666666666666667	0.0	0.0	99.99051954227404	9.98465974766926	True	-33891.666666666686	-57965.0	10.666666666666664	1.3333333333333333	3.333333333333334	efficient	history_rescue/history_rescue	history_rescue/history_rescue	True	False	False	False
false_trass	75	7500	sensitivity/none	3	174073.33333333334	123740.0	41.0	1.3333333333333333	1.3333333333333333	0.0	0.0	99.99247715073642	11.022390737334112	True	0.0	0.0	0.0	0.0	0.0	efficient	sensitivity/none	history_rescue/history_rescue	False	False	True	False
false_trass	75	10000	history/history	3	214958.66666666666	164160.33333333334	40.0	1.3333333333333333	2.0	0.0	0.0	99.9944523480596	24.648069779332825	True	-3028.666666666686	-3493.666666666657	-1.0	0.0	0.6666666666666667	efficient	history_rescue/history_rescue	history_rescue/history_rescue	True	False	False	False
false_trass	75	10000	history_rescue/history_rescue	3	164711.33333333334	88298.0	52.333333333333336	2.6666666666666665	5.333333333333333	0.0	0.0	99.99277408148033	11.506450157331225	True	-53276.0	-79356.0	11.333333333333336	1.3333333333333333	4.0	efficient	sensitivity/none	history_rescue/history_rescue	False	False	True	False
false_trass	75	10000	sensitivity/none	3	217987.33333333334	167654.0	41.0	1.3333333333333333	1.3333333333333333	0.0	0.0	99.99434974968771	13.90219984933598	True	0.0	0.0	0.0	0.0	0.0	efficient	sensitivity/none	history_rescue/history_rescue	False	False	True	False
false_trass	100	5000	history/history	3	175436.66666666666	43703.333333333336	70.33333333333333	9.0	8.0	0.0	0.0	99.98524812645796	25.967511288334208	True	17835.333333333314	-56897.99999999999	20.666666666666664	8.333333333333334	6.0	efficient	history_rescue/history_rescue	sensitivity/none	False	False	False	False
false_trass	100	5000	history_rescue/history_rescue	3	191537.66666666666	55786.0	80.33333333333333	8.333333333333334	6.666666666666667	0.0	0.0	99.98300404636815	26.013134212664834	True	33936.333333333314	-44815.33333333333	30.666666666666664	7.666666666666667	4.666666666666667	efficient	history_rescue/history_rescue	sensitivity/none	False	False	False	False
false_trass	100	5000	sensitivity/none	3	157601.33333333334	100601.33333333333	49.666666666666664	0.6666666666666666	2.0	0.0	0.0	99.98979130515143	15.81844709533228	True	0.0	0.0	0.0	0.0	0.0	efficient	sensitivity/none	sensitivity/none	True	False	False	False
false_trass	100	7500	history/history	3	203324.33333333334	68267.66666666667	71.66666666666667	9.0	9.0	0.0	0.0	99.99002705384042	26.163543860333448	True	-6500.0	-83556.66666666667	21.66666666666667	8.333333333333334	6.666666666666666	efficient	history_rescue/history_rescue	history/history	False	False	False	True
false_trass	100	7500	history_rescue/history_rescue	3	231092.33333333334	86654.0	84.66666666666667	8.666666666666666	8.0	0.0	0.0	99.9881146591318	30.71916996799943	True	21268.0	-65170.33333333334	34.66666666666667	7.999999999999999	5.666666666666666	efficient	history_rescue/history_rescue	history/history	False	False	False	True
false_trass	100	7500	sensitivity/none	3	209824.33333333334	151824.33333333334	50.0	0.6666666666666666	2.3333333333333335	0.0	0.0	99.99313761990068	19.21244538233441	True	0.0	0.0	0.0	0.0	0.0	efficient	sensitivity/none	history/history	False	False	False	True
false_trass	100	10000	history/history	3	237111.0	93057.66666666667	73.66666666666667	10.0	10.0	0.0	0.0	99.99230345505833	29.01053203266444	True	-25678.333333333314	-111731.66666666667	23.66666666666667	9.333333333333334	7.666666666666666	efficient	history_rescue/history_rescue	history/history	False	False	False	True
false_trass	100	10000	history_rescue/history_rescue	3	275053.6666666667	118253.66666666667	88.66666666666667	9.666666666666666	9.666666666666666	0.0	0.0	99.99067541079326	38.23090409500097	True	12264.333333333372	-86535.66666666667	38.66666666666667	9.0	7.333333333333332	efficient	history_rescue/history_rescue	history/history	False	False	False	True
false_trass	100	10000	sensitivity/none	3	262789.3333333333	204789.33333333334	50.0	0.6666666666666666	2.3333333333333335	0.0	0.0	99.99484459635453	23.26700778900219	True	0.0	0.0	0.0	0.0	0.0	efficient	sensitivity/none	history/history	False	False	False	True
regime_switch	50	5000	history/history	3	1083541.6666666667	206570.0	271.3333333333333	10.0	134.0	573.0	4652.0	99.85721520774018	9.482646995330773	True	167882.66666666674	-204589.0	105.33333333333331	6.666666666666666	95.33333333333334	efficient	sensitivity/none	sensitivity/none	True	False	False	False
regime_switch	50	5000	history_rescue/history_rescue	3	2377103.3333333335	276295.0	272.6666666666667	5.0	86.0	3261.3333333333335	3235.6666666666665	99.81965580250909	11.115834535664666	True	1461444.3333333335	-134864.0	106.66666666666669	1.6666666666666665	47.333333333333336	efficient	sensitivity/none	sensitivity/none	True	False	False	False
regime_switch	50	5000	sensitivity/none	3	915659.0	411159.0	166.0	3.3333333333333335	38.666666666666664	489.0	0.0	99.9048066857708	10.476051906664603	True	0.0	0.0	0.0	0.0	0.0	efficient	sensitivity/none	sensitivity/none	True	False	False	False
regime_switch	50	7500	history/history	3	1693720.6666666667	296287.3333333333	336.6666666666667	12.666666666666666	170.66666666666666	1309.6666666666667	8233.0	99.87830492546288	13.019081284333273	True	34052.666666666744	-310714.00000000006	150.33333333333334	9.333333333333332	129.33333333333331	efficient	sensitivity/none	sensitivity/none	True	False	False	False
regime_switch	50	7500	history_rescue/history_rescue	3	3762232.3333333335	395157.3333333333	308.3333333333333	5.0	105.66666666666667	5643.666666666667	4902.333333333333	99.85667948517009	13.449249040999954	True	2102564.3333333335	-211844.00000000006	121.99999999999997	1.6666666666666665	64.33333333333334	efficient	sensitivity/none	sensitivity/none	True	False	False	False
regime_switch	50	7500	sensitivity/none	3	1659668.0	607001.3333333334	186.33333333333334	3.3333333333333335	41.333333333333336	1534.0	0.0	99.92674801081341	14.945057376331533	True	0.0	0.0	0.0	0.0	0.0	efficient	sensitivity/none	sensitivity/none	True	False	False	False
regime_switch	50	10000	history/history	3	2271618.3333333335	388410.0	405.0	15.0	217.66666666666666	1932.6666666666667	12399.666666666666	99.88796719822061	15.396715941334454	True	-147277.6666666665	-416652.6666666666	204.0	11.666666666666666	173.66666666666666	efficient	sensitivity/none	history/history	False	False	False	True
regime_switch	50	10000	history_rescue/history_rescue	3	5157389.333333333	514196.0	344.6666666666667	5.0	120.66666666666667	8063.0	6569.0	99.87421254939154	17.91598534766672	True	2738493.333333333	-290866.6666666666	143.66666666666669	1.6666666666666665	76.66666666666667	efficient	sensitivity/none	history/history	False	False	False	True
regime_switch	50	10000	sensitivity/none	3	2418896.0	805062.6666666666	201.0	3.3333333333333335	44.0	2616.3333333333335	0.0	99.93934771577774	18.501522262668004	True	0.0	0.0	0.0	0.0	0.0	efficient	sensitivity/none	history/history	False	False	False	True
regime_switch	75	5000	history/history	3	2498538.3333333335	378631.6666666667	624.0	11.333333333333334	292.3333333333333	1703.6666666666667	22577.666666666668	99.71114343790471	27.551092940331728	True	1285550.0000000002	-299356.6666666667	304.0	7.000000000000001	195.66666666666663	efficient	sensitivity/none	sensitivity/none	True	False	False	False
regime_switch	75	5000	history_rescue/history_rescue	3	1670593.6666666667	530147.0	501.0	10.666666666666666	178.33333333333334	456.6666666666667	5025.666666666667	99.76410116901552	38.35216428366645	True	457605.3333333335	-147841.33333333337	181.0	6.333333333333333	81.66666666666667	efficient	sensitivity/none	sensitivity/none	True	False	False	False
regime_switch	75	5000	sensitivity/none	3	1212988.3333333333	677988.3333333334	320.0	4.333333333333333	96.66666666666667	0.0	8484.333333333334	99.86838751494953	30.360417433669983	True	0.0	0.0	0.0	0.0	0.0	efficient	sensitivity/none	sensitivity/none	True	False	False	False
regime_switch	75	7500	history/history	3	3572455.6666666665	543460.6666666666	695.0	12.0	350.6666666666667	3139.3333333333335	37994.333333333336	99.76967714924092	35.59415533533562	True	1515688.3333333333	-460806.66666666674	358.0	7.666666666666667	250.33333333333337	efficient	sensitivity/none	sensitivity/none	True	False	False	False
regime_switch	75	7500	history_rescue/history_rescue	3	2383499.3333333335	771447.6666666666	571.0	11.0	204.33333333333334	1152.3333333333333	8359.0	99.80754844890082	48.07879512300133	True	326732.00000000023	-232819.66666666674	234.0	6.666666666666667	104.00000000000001	efficient	sensitivity/none	sensitivity/none	True	False	False	False
regime_switch	75	7500	sensitivity/none	3	2056767.3333333333	1004267.3333333334	337.0	4.333333333333333	100.33333333333333	986.3333333333334	13484.333333333334	99.90384991912227	39.021765384667866	True	0.0	0.0	0.0	0.0	0.0	efficient	sensitivity/none	sensitivity/none	True	False	False	False
regime_switch	75	10000	history/history	3	4632106.0	702529.3333333334	755.6666666666666	12.0	392.0	4653.666666666667	53827.666666666664	99.80201294836202	38.494723435333675	True	1772557.0	-625686.3333333334	406.66666666666663	7.666666666666667	289.6666666666667	efficient	sensitivity/none	sensitivity/none	True	False	False	False
regime_switch	75	10000	history_rescue/history_rescue	3	3393566.6666666665	1005183.3333333334	574.3333333333334	11.0	205.0	2695.6666666666665	11692.333333333334	99.8484188969196	55.18770943766625	True	534017.6666666665	-323032.3333333334	225.33333333333337	6.666666666666667	102.66666666666667	efficient	sensitivity/none	sensitivity/none	True	False	False	False
regime_switch	75	10000	sensitivity/none	3	2859549.0	1328215.6666666667	349.0	4.333333333333333	102.33333333333333	1912.0	18484.333333333332	99.92348807978573	46.56693485599923	True	0.0	0.0	0.0	0.0	0.0	efficient	sensitivity/none	sensitivity/none	True	False	False	False
regime_switch	100	5000	history/history	3	4165142.3333333335	473755.6666666667	761.6666666666666	13.666666666666666	282.0	4587.333333333333	28883.666666666668	99.69357792658415	51.192796941000175	True	1794692.3333333335	-441027.6666666667	312.66666666666663	6.999999999999999	170.33333333333331	efficient	sensitivity/none	sensitivity/none	True	False	False	False
regime_switch	100	5000	history_rescue/history_rescue	3	2849789.0	654219.0	689.3333333333334	12.333333333333334	208.66666666666666	2048.6666666666665	22859.666666666668	99.72427777421238	69.17788656566456	True	479339.0	-260564.33333333337	240.33333333333337	5.666666666666667	96.99999999999999	efficient	sensitivity/none	sensitivity/none	True	False	False	False
regime_switch	100	5000	sensitivity/none	3	2370450.0	914783.3333333334	449.0	6.666666666666667	111.66666666666667	1500.0	1541.0	99.83022748038074	51.795106942998245	True	0.0	0.0	0.0	0.0	0.0	efficient	sensitivity/none	sensitivity/none	True	False	False	False
regime_switch	100	7500	history/history	3	6484643.666666667	685293.6666666666	859.3333333333334	13.666666666666666	335.3333333333333	8393.666666666666	48883.666666666664	99.75455946681711	68.54176040366535	True	2936479.0000000005	-656037.6666666666	392.00000000000006	6.666666666666666	221.33333333333331	efficient	sensitivity/none	sensitivity/none	True	False	False	False
regime_switch	100	7500	history_rescue/history_rescue	3	3977565.3333333335	970667.0	739.3333333333334	12.333333333333334	232.33333333333334	3476.3333333333335	37859.666666666664	99.79016402068005	71.68575990466586	True	429400.666666667	-370664.33333333326	272.00000000000006	5.333333333333334	118.33333333333334	efficient	sensitivity/none	sensitivity/none	True	False	False	False
regime_switch	100	7500	sensitivity/none	3	3548164.6666666665	1341331.3333333333	467.3333333333333	7.0	114.0	2953.0	2374.3333333333335	99.87641461208729	66.808858209001	True	0.0	0.0	0.0	0.0	0.0	efficient	sensitivity/none	sensitivity/none	True	False	False	False
regime_switch	100	10000	history/history	3	8803989.0	894974.0	956.3333333333334	14.0	397.3333333333333	12167.333333333334	68883.66666666667	99.78428121567526	64.85785976266925	True	4195606.0	-864075.6666666667	478.33333333333337	7.0	281.66666666666663	efficient	sensitivity/none	sensitivity/none	True	False	False	False
regime_switch	100	10000	history_rescue/history_rescue	3	5290048.333333333	1290241.6666666667	752.6666666666666	12.333333333333334	238.0	5412.666666666667	52859.666666666664	99.83259154704007	69.97094087833102	True	681665.333333333	-468808.0	274.66666666666663	5.333333333333334	122.33333333333333	efficient	sensitivity/none	sensitivity/none	True	False	False	False
regime_switch	100	10000	sensitivity/none	3	4608383.0	1759049.6666666667	478.0	7.0	115.66666666666667	4210.0	3207.6666666666665	99.90225465859102	67.78774560366583	True	0.0	0.0	0.0	0.0	0.0	efficient	sensitivity/none	sensitivity/none	True	False	False	False
